UTUVHVOR,2023CSB1000,CS,2023,iit
JTZCEWOS,2023CSB1001,CS,2023,iit
BUNVQAOH,2023CSB1002,CS,2023,iit
XAPTOTMW,2023CSB1003,CS,2023,iit
FCBYBTHN,2023CSB1004,CS,2023,iit
EMNKHLAI,2023CSB1005,CS,2023,iit
LFJGGGAA,2023CSB1006,CS,2023,iit
VTHNLVYL,2023CSB1007,CS,2023,iit
QUOXKPOV,2023CSB1008,CS,2023,iit
QGSVQLDN,2023CSB1009,CS,2023,iit
WSNQVRPJ,2023CSB1010,CS,2023,iit
WYHBDAJX,2023CSB1011,CS,2023,iit
YVVQZXHK,2023CSB1012,CS,2023,iit
VBCZZAQS,2023CSB1013,CS,2023,iit
XMRODOZO,2023CSB1014,CS,2023,iit
CJTXFOIV,2023CSB1015,CS,2023,iit
TZPIUTQY,2023CSB1016,CS,2023,iit
QZPGTPFX,2023CSB1017,CS,2023,iit
UXYVDXEG,2023CSB1018,CS,2023,iit
NNIKZUNE,2023CSB1019,CS,2023,iit
KZYKJZAG,2023CSB1020,CS,2023,iit
KQOHOWRG,2023CSB1021,CS,2023,iit
SZFERNYZ,2023CSB1022,CS,2023,iit
DXHSIITR,2023CSB1023,CS,2023,iit
IOCCFVHK,2023CSB1024,CS,2023,iit
MACDIRAF,2023CSB1025,CS,2023,iit
HZHNWNHF,2023CSB1026,CS,2023,iit
DPYCVGJE,2023CSB1027,CS,2023,iit
GPGXSUET,2023CSB1028,CS,2023,iit
KEZMJUYY,2023CSB1029,CS,2023,iit
ZIZHJBVE,2023CSB1030,CS,2023,iit
ZYQEQAGJ,2023CSB1031,CS,2023,iit
BUWALMTU,2023CSB1032,CS,2023,iit
BIOLZRVR,2023CSB1033,CS,2023,iit
LTPYIJGN,2023CSB1034,CS,2023,iit
VDNOHCMS,2023CSB1035,CS,2023,iit
IQURIBIZ,2023CSB1036,CS,2023,iit
LAXLVFOI,2023CSB1037,CS,2023,iit
VPCTZCRU,2023CSB1038,CS,2023,iit
JMPZWRHM,2023CSB1039,CS,2023,iit
DIGNBTIV,2023CSB1040,CS,2023,iit
DUQGDSME,2023CSB1041,CS,2023,iit
XQEMXPXZ,2023CSB1042,CS,2023,iit
GBJURLLB,2023CSB1043,CS,2023,iit
EGWQKHUC,2023CSB1044,CS,2023,iit
XPWJPGPQ,2023CSB1045,CS,2023,iit
ECYURCOE,2023CSB1046,CS,2023,iit
BIHPIFBD,2023CSB1047,CS,2023,iit
FVCJRCCF,2023CSB1048,CS,2023,iit
ZOSJHCBO,2023CSB1049,CS,2023,iit
RDAFWHIF,2023CSB1050,CS,2023,iit
IKIZQINX,2023CSB1051,CS,2023,iit
NRAYFCOT,2023CSB1052,CS,2023,iit
GORNZHAR,2023CSB1053,CS,2023,iit
TIAJXGKP,2023CSB1054,CS,2023,iit
CVMHKYEN,2023CSB1055,CS,2023,iit
DJFSMTYW,2023CSB1056,CS,2023,iit
EMKDQXIU,2023CSB1057,CS,2023,iit
YCCJDKMG,2023CSB1058,CS,2023,iit
XLBQXGWX,2023CSB1059,CS,2023,iit
KKBFKIAG,2023CSB1060,CS,2023,iit
GNAUKELK,2023CSB1061,CS,2023,iit
EZXYVZTW,2023CSB1062,CS,2023,iit
QCXYKGVF,2023CSB1063,CS,2023,iit
EBXOSZXG,2023CSB1064,CS,2023,iit
RHFOTVHD,2023CSB1065,CS,2023,iit
TUJJMEGM,2023CSB1066,CS,2023,iit
ZLJHWOIH,2023CSB1067,CS,2023,iit
MUHONOZO,2023CSB1068,CS,2023,iit
KUNJSWLD,2023CSB1069,CS,2023,iit
OKAAYKFQ,2023CSB1070,CS,2023,iit
JZZNFYJD,2023CSB1071,CS,2023,iit
NTCPXVBQ,2023CSB1072,CS,2023,iit
GESQAGIQ,2023CSB1073,CS,2023,iit
WRGDPVEC,2023CSB1074,CS,2023,iit
LAHHKBIO,2023CSB1075,CS,2023,iit
YUULOOIW,2023CSB1076,CS,2023,iit
OWRDXQYC,2023CSB1077,CS,2023,iit
URSXXHAD,2023CSB1078,CS,2023,iit
LBZEYNKU,2023CSB1079,CS,2023,iit
AWSCJPON,2023CSB1080,CS,2023,iit
XLXXPKHV,2023CSB1081,CS,2023,iit
ULGNQXSB,2023CSB1082,CS,2023,iit
RZRKNASY,2023CSB1083,CS,2023,iit
TSLCQBKS,2023CSB1084,CS,2023,iit
VRGESVNX,2023CSB1085,CS,2023,iit
JVRQMLJJ,2023CSB1086,CS,2023,iit
ZALIYMTH,2023CSB1087,CS,2023,iit
UDQIASCE,2023CSB1088,CS,2023,iit
RMNAKFJN,2023CSB1089,CS,2023,iit
